﻿<?xml version="1.0" encoding="utf-8"?><ArrayOfCustomer xmlns:xsi="http://www.w3.org/2001/XMLSchema-instance" xmlns:xsd="http://www.w3.org/2001/XMLSchema"><Customer><Id>100</Id><Name>Jon</Name><Age>22</Age><LastName>Snow</LastName></Customer><Customer><Id>101</Id><Name>Ned</Name><Age>23</Age><LastName>Stark</LastName></Customer><Customer><Id>102</Id><Name>Bran</Name><Age>24</Age><LastName>Stark</LastName></Customer><Customer><Id>103</Id><Name>Arya</Name><Age>31</Age><LastName>Stark</LastName></Customer><Customer><Id>104</Id><Name>Tyrion</Name><Age>25</Age><LastName>Lannister</LastName></Customer><Customer><Id>105</Id><Name>Tywin</Name><Age>26</Age><LastName>Lannister</LastName></Customer><Customer><Id>106</Id><Name>Jaime</Name><Age>27</Age><LastName>Lannister</LastName></Customer><Customer><Id>107</Id><Name>Cersei</Name><Age>28</Age><LastName>Lannister</LastName></Customer><Customer><Id>108</Id><Name>Rhaegar </Name><Age>29</Age><LastName>Targaryen</LastName></Customer><Customer><Id>109</Id><Name>Daenerys</Name><Age>30</Age><LastName>Targaryen</LastName></Customer></ArrayOfCustomer>